Workbook

Sheet Карта потока
A1: Номер | B1: Операция | C1: Описание процесса | D1: Время, с | E1: Характеристика времени
A2: 1_1 | B2: 1 | C2: Разогреть пресс-машину | D2: 5 | E2: Потери
A3: 1_2 | B3: 1 | C3: Очистить приспособление для запрессовки | D3: 10 | E3: Не добавляет ценность
A4: 1_3 | B4: 1 | C4: Установка деталей для запрессовки | D4: 5 | E4: Не добавляет ценность
A5: 1_4 | B5: 1 | C5: Совместить гайки | D5: 9 | E5: Не добавляет ценность
A6: 1_5 | B6: 1 | C6: Выровнять шпильки | D6: 9 | E6: Не добавляет ценность
A7: 1_6 | B7: 1 | C7: Загрузить пластину | D7: 10 | E7: Добавляет ценность
A8: 2_1 | B8: 2 | C8: Опустить пресс | D8: 6 | E8: Добавляет ценность
A9: 2_2 | B9: 2 | C9: Поднять пресс | D9: 9 | E9: Не добавляет ценность
A10: 2_3 | B10: 2 | C10: Извлечь две спрессованные детали | D10: 10 | E10: Не добавляет ценность
A11: 2_4 | B11: 2 | C11: Очистить приспособление для запрессовки | D11: 7 | E11: Потери
A12: 3_1 | B12: 3 | C12: Отшлифовать верх крышки | D12: 9 | E12: Добавляет ценность
A13: 3_2 | B13: 3 | C13: Отшлифовать низ крышки | D13: 9 | E13: Добавляет ценность
... A43: 7_4 | B43: 7 | C43: Завернуть в защитную пленку | D43: 6 | E43: Добавляет ценность

Sheet Ямазуми
A1: Время такта, с | B1: 45
A3: Операция | B3: Название | C3: Добавляет ценность | D3: Не добавляет ценность | E3: Потери | F3: Итого, с | G3: Такт, с | H3: Отклонение от такта, с
A4: Оп. 1 | B4: Установка деталей | C4: =SUMIFS('Карта потока'!$D$2:$D$43,'Карта потока'!$B$2:$B$43,1,'Карта потока'!$E$2:$E$43,"Добавляет ценность") -> 10 | D4: =SUMIFS('Карта потока'!$D$2:$D$43,'Карта потока'!$B$2:$B$43,1,'Карта потока'!$E$2:$E$43,"Не добавляет ценность") -> 33 | E4: =SUMIFS('Карта потока'!$D$2:$D$43,'Карта потока'!$B$2:$B$43,1,'Карта потока'!$E$2:$E$43,"Потери") -> 5 | F4: =SUM(C4:E4) -> 48 | G4: =$B$1 -> 45 | H4: =F4-G4 -> 3
A5: Оп. 2 | B5: Изготовление деталей | C5: =SUMIFS('Карта потока'!$D$2:$D$43,'Карта потока'!$B$2:$B$43,2,'Карта потока'!$E$2:$E$43,"Добавляет ценность") -> 6 | D5: =SUMIFS('Карта потока'!$D$2:$D$43,'Карта потока'!$B$2:$B$43,2,'Карта потока'!$E$2:$E$43,"Не добавляет ценность") -> 19 | E5: =SUMIFS('Карта потока'!$D$2:$D$43,'Карта потока'!$B$2:$B$43,2,'Карта потока'!$E$2:$E$43,"Потери") -> 7 | F5: =SUM(C5:E5) -> 32 | G5: =$B$1 -> 45 | H5: =F5-G5 -> -13
A6: Оп. 3 | B6: Шлифовка трёх деталей | C6: =SUMIFS('Карта потока'!$D$2:$D$43,'Карта потока'!$B$2:$B$43,3,'Карта потока'!$E$2:$E$43,"Добавляет ценность") -> 54 | D6: =SUMIFS('Карта потока'!$D$2:$D$43,'Карта потока'!$B$2:$B$43,3,'Карта потока'!$E$2:$E$43,"Не добавляет ценность") -> 20 | E6: =SUMIFS('Карта потока'!$D$2:$D$43,'Карта потока'!$B$2:$B$43,3,'Карта потока'!$E$2:$E$43,"Потери") -> 0 | F6: =SUM(C6:E6) -> 74 | G6: =$B$1 -> 45 | H6: =F6-G6 -> 29
A7: Оп. 4 | B7: Установка колес | C7: =SUMIFS('Карта потока'!$D$2:$D$43,'Карта потока'!$B$2:$B$43,4,'Карта потока'!$E$2:$E$43,"Добавляет ценность") -> 23 | D7: =SUMIFS('Карта потока'!$D$2:$D$43,'Карта потока'!$B$2:$B$43,4,'Карта потока'!$E$2:$E$43,"Не добавляет ценность") -> 21 | E7: =SUMIFS('Карта потока'!$D$2:$D$43,'Карта потока'!$B$2:$B$43,4,'Карта потока'!$E$2:$E$43,"Потери") -> 0 | F7: =SUM(C7:E7) -> 44 | G7: =$B$1 -> 45 | H7: =F7-G7 -> -1
A8: Оп. 5 | B8: Закрепление кронштейна | C8: =SUMIFS('Карта потока'!$D$2:$D$43,'Карта потока'!$B$2:$B$43,5,'Карта потока'!$E$2:$E$43,"Добавляет ценность") -> 41 | D8: =SUMIFS('Карта потока'!$D$2:$D$43,'Карта потока'!$B$2:$B$43,5,'Карта потока'!$E$2:$E$43,"Не добавляет ценность") -> 0 | E8: =SUMIFS('Карта потока'!$D$2:$D$43,'Карта потока'!$B$2:$B$43,5,'Карта потока'!$E$2:$E$43,"Потери") -> 10 | F8: =SUM(C8:E8) -> 51 | G8: =$B$1 -> 45 | H8: =F8-G8 -> 6
A9: Оп. 6 | B9: Сборка редуктора | C9: =SUMIFS('Карта потока'!$D$2:$D$43,'Карта потока'!$B$2:$B$43,6,'Карта потока'!$E$2:$E$43,"Добавляет ценность") -> 22 | D9: =SUMIFS('Карта потока'!$D$2:$D$43,'Карта потока'!$B$2:$B$43,6,'Карта потока'!$E$2:$E$43,"Не добавляет ценность") -> 10 | E9: =SUMIFS('Карта потока'!$D$2:$D$43,'Карта потока'!$B$2:$B$43,6,'Карта потока'!$E$2:$E$43,"Потери") -> 15 | F9: =SUM(C9:E9) -> 47 | G9: =$B$1 -> 45 | H9: =F9-G9 -> 2
A10: Оп. 7 | B10: Сборка вала | C10: =SUMIFS('Карта потока'!$D$2:$D$43,'Карта потока'!$B$2:$B$43,7,'Карта потока'!$E$2:$E$43,"Добавляет ценность") -> 18 | D10: =SUMIFS('Карта потока'!$D$2:$D$43,'Карта потока'!$B$2:$B$43,7,'Карта потока'!$E$2:$E$43,"Не добавляет ценность") -> 0 | E10: =SUMIFS('Карта потока'!$D$2:$D$43,'Карта потока'!$B$2:$B$43,7,'Карта потока'!$E$2:$E$43,"Потери") -> 5 | F10: =SUM(C10:E10) -> 23 | G10: =$B$1 -> 45 | H10: =F10-G10 -> -22
A12: Операция 6, доля по видам работ
A13: Добавляет ценность | C13: =C9/F9 -> 0.46808511
A14: Не добавляет ценность | C14: =D9/F9 -> 0.21276596
A15: Потери | C15: =E9/F9 -> 0.31914894
